Tag,URL
BugBot-rule-101,https://wiki.mozilla.org/BugBot#rule-101
BugBot-rule-102,https://wiki.mozilla.org/BugBot#rule-102
BugBot-rule-103,https://wiki.mozilla.org/BugBot#rule-103
BugBot-rule-104,https://wiki.mozilla.org/BugBot#rule-104
BugBot-rule-105,https://wiki.mozilla.org/BugBot#rule-105
BugBot-rule-106,https://wiki.mozilla.org/BugBot#rule-106
BugBot-rule-107,https://wiki.mozilla.org/BugBot#rule-107
BugBot-rule-108,https://wiki.mozilla.org/BugBot#rule-108
BugBot-rule-109,https://wiki.mozilla.org/BugBot#rule-109
BugBot-rule-110,https://wiki.mozilla.org/BugBot#rule-110
BugBot-rule-111,https://wiki.mozilla.org/BugBot#rule-111
BugBot-rule-112,https://wiki.mozilla.org/BugBot#rule-112
BugBot-rule-113,https://wiki.mozilla.org/BugBot#rule-113
BugBot-rule-114,https://wiki.mozilla.org/BugBot#rule-114
BugBot-rule-115,https://wiki.mozilla.org/BugBot#rule-115
BugBot-rule-116,https://wiki.mozilla.org/BugBot#rule-116
BugBot-rule-117,https://wiki.mozilla.org/BugBot#rule-117
BugBot-rule-118,https://wiki.mozilla.org/BugBot#rule-118
BugBot-rule-119,https://wiki.mozilla.org/BugBot#rule-119
BugBot-rule-120,https://wiki.mozilla.org/BugBot#rule-120
BugBot-rule-121,https://wiki.mozilla.org/BugBot#rule-121
BugBot-rule-122,https://wiki.mozilla.org/BugBot#rule-122
BugBot-rule-123,https://wiki.mozilla.org/BugBot#rule-123
BugBot-rule-124,https://wiki.mozilla.org/BugBot#rule-124
BugBot-rule-125,https://wiki.mozilla.org/BugBot#rule-125
BugBot-rule-126,https://wiki.mozilla.org/BugBot#rule-126
BugBot-rule-127,https://wiki.mozilla.org/BugBot#rule-127
BugBot-rule-128,https://wiki.mozilla.org/BugBot#rule-128
BugBot-rule-129,https://wiki.mozilla.org/BugBot#rule-129
BugBot-rule-130,https://wiki.mozilla.org/BugBot#rule-130
BugBot-rule-131,https://wiki.mozilla.org/BugBot#rule-131
BugBot-rule-132,https://wiki.mozilla.org/BugBot#rule-132
BugBot-rule-133,https://wiki.mozilla.org/BugBot#rule-133
BugBot-rule-134,https://wiki.mozilla.org/BugBot#rule-134
BugBot-rule-135,https://wiki.mozilla.org/BugBot#rule-135
BugBot-rule-136,https://wiki.mozilla.org/BugBot#rule-136
BugBot-rule-137,https://wiki.mozilla.org/BugBot#rule-137
BugBot-rule-138,https://wiki.mozilla.org/BugBot#rule-138
BugBot-rule-139,https://wiki.mozilla.org/BugBot#rule-139
BugBot-rule-140,https://wiki.mozilla.org/BugBot#rule-140
BugBot-rule-141,https://wiki.mozilla.org/BugBot#rule-141
BugBot-rule-142,https://wiki.mozilla.org/BugBot#rule-142
BugBot-rule-143,https://wiki.mozilla.org/BugBot#rule-143
BugBot-rule-144,https://wiki.mozilla.org/BugBot#rule-144
BugBot-rule-145,https://wiki.mozilla.org/BugBot#rule-145
BugBot-rule-146,https://wiki.mozilla.org/BugBot#rule-146
BugBot-rule-147,https://wiki.mozilla.org/BugBot#rule-147
BugBot-rule-148,https://wiki.mozilla.org/BugBot#rule-148
BugBot-rule-149,https://wiki.mozilla.org/BugBot#rule-149
BugBot-rule-150,https://wiki.mozilla.org/BugBot#rule-150
BugBot-rule-151,https://wiki.mozilla.org/BugBot#rule-151
BugBot-rule-152,https://wiki.mozilla.org/BugBot#rule-152
BugBot-rule-153,https://wiki.mozilla.org/BugBot#rule-153
BugBot-rule-154,https://wiki.mozilla.org/BugBot#rule-154
BugBot-rule-155,https://wiki.mozilla.org/BugBot#rule-155
BugBot-rule-156,https://wiki.mozilla.org/BugBot#rule-156
BugBot-rule-157,https://wiki.mozilla.org/BugBot#rule-157
BugBot-rule-158,https://wiki.mozilla.org/BugBot#rule-158
BugBot-rule-159,https://wiki.mozilla.org/BugBot#rule-159
BugBot-rule-160,https://wiki.mozilla.org/BugBot#rule-160
BugBot-rule-161,https://wiki.mozilla.org/BugBot#rule-161
BugBot-rule-162,https://wiki.mozilla.org/BugBot#rule-162
BugBot-rule-163,https://wiki.mozilla.org/BugBot#rule-163
BugBot-rule-164,https://wiki.mozilla.org/BugBot#rule-164
BugBot-rule-165,https://wiki.mozilla.org/BugBot#rule-165
BugBot-rule-166,https://wiki.mozilla.org/BugBot#rule-166
BugBot-rule-167,https://wiki.mozilla.org/BugBot#rule-167
BugBot-rule-168,https://wiki.mozilla.org/BugBot#rule-168
BugBot-rule-169,https://wiki.mozilla.org/BugBot#rule-169
BugBot-rule-170,https://wiki.mozilla.org/BugBot#rule-170
BugBot-rule-172,https://wiki.mozilla.org/BugBot#rule-172
BugBot-rule-173,https://wiki.mozilla.org/BugBot#rule-173
BugBot-rule-174,https://wiki.mozilla.org/BugBot#rule-174
BugBot-rule-175,https://wiki.mozilla.org/BugBot#rule-175
BugBot-rule-176,https://wiki.mozilla.org/BugBot#rule-176
BugBot-rule-177,https://wiki.mozilla.org/BugBot#rule-177
BugBot-rule-178,https://wiki.mozilla.org/BugBot#rule-178
BugBot-rule-179,https://wiki.mozilla.org/BugBot#rule-179
